{
  "ESN": {
    "tr_loss": 2.577023749776002e-05,
    "ts_loss": 2.7812201366648007e-05,
    "tr_time": 1.8042454719543457,
    "tr_emissions": 7.323025253405164e-06,
    "ts_time": 4.788614988327026,
    "ts_emissions": 3.0765554315352504e-05,
    "accuracy": 0.8341867590269579,
    "precision": 0.8648571268355213,
    "recall": 0.8193023989898989,
    "f1_score": 0.8412892823633303
  },
  "LSTM": {
    "tr_loss": 4.389010091486226e-06,
    "ts_loss": 1.718291774800296e-05,
    "tr_time": 1102.457947254181,
    "tr_emissions": 0.004470215175876268,
    "ts_time": 20.145261526107788,
    "ts_emissions": 0.004577546853239102,
    "accuracy": 0.8197818280204644,
    "precision": 0.9359189033121352,
    "recall": 0.7124776170798897,
    "f1_score": 0.8090274801593693
  }
}