{
  "ESN": {
    "tr_loss": 8.613183054473504e-05,
    "ts_loss": 6.284674552560969e-05,
    "tr_time": 0.1788332462310791,
    "tr_emissions": 1.8647797781467436e-07,
    "ts_time": 1.0397400856018066,
    "ts_emissions": 1.0833300779271123e-06,
    "accuracy": 0.8296945715269579,
    "precision": 0.9351738283996404,
    "recall": 0.7330776515151516,
    "f1_score": 0.8218034235231186
  },
  "LSTM": {
    "tr_loss": 4.389010091486226e-06,
    "ts_loss": 1.718291774800296e-05,
    "tr_time": 1106.1556253433228,
    "tr_emissions": 0.004485171160634379,
    "ts_time": 16.25834012031555,
    "ts_emissions": 6.592873777898201e-05,
    "accuracy": 0.8197818280204644,
    "precision": 0.9359189033121352,
    "recall": 0.7124776170798897,
    "f1_score": 0.8090274801593693
  }
}