{"ESN": {"tr_loss": 2.577023749776002e-05, "ts_loss": 2.7812201366648007e-05, "tr_time": 1.3280415534973145, "tr_emissions": 5.4434740584219e-06, "ts_time": 4.363877296447754, "ts_emissions": 1.7700513229788732e-05, "accuracy": 0.8341867590269579, "precision": 0.8648571268355213, "recall": 0.8193023989898989, "f1_score": 0.8412892823633303}, "LSTM": {"tr_loss": 4.389010091486226e-06, "ts_loss": 1.718291774800296e-05, "tr_time": 1106.1556253433228, "tr_emissions": 0.004485171160634379, "ts_time": 16.25834012031555, "ts_emissions": 6.592873777898201e-05, "accuracy": 0.8197818280204644, "precision": 0.9359189033121352, "recall": 0.7124776170798897, "f1_score": 0.8090274801593693}}