{
  "ESN": {
    "tr_loss": 0.3119048622882738,
    "ts_loss": 19.737161634406974,
    "tr_time": 11.107027769088745,
    "tr_emissions": 4.504392442434919e-05,
    "ts_time": 19.98910927772522,
    "ts_emissions": 8.105702751676147e-05,
    "accuracy": 0.72093625479634,
    "precision": 0.7972220826165767,
    "recall": 0.6435891586317722,
    "f1_score": 0.7119615712976542
  },
  "LSTM": {
    "tr_loss": 0.19568503008406932,
    "ts_loss": 19.320276725065938,
    "tr_time": 2003.6019065380096,
    "tr_emissions": 0.008124074653122095,
    "ts_time": 34.77731943130493,
    "ts_emissions": 0.00014102103795991585,
    "accuracy": 0.6968005183736717,
    "precision": 0.815352912593633,
    "recall": 0.5640755567033976,
    "f1_score": 0.6661711637156978
  }
}