{
  "ESN": {
    "tr_loss": 0.3101531816869471,
    "ts_loss": 77.12708931075382,
    "tr_time": 11.749438285827637,
    "tr_emissions": 4.764927965632149e-05,
    "ts_time": 19.115209579467773,
    "ts_emissions": 7.751765494771444e-05,
    "accuracy": 0.7629286728896104,
    "precision": 0.8132896632142984,
    "recall": 0.724473427456382,
    "f1_score": 0.766133846376254
  },
  "LSTM": {
    "tr_loss": 0.19568503008406932,
    "ts_loss": 76.40492042715681,
    "tr_time": 2004.228562116623,
    "tr_emissions": 0.008126622368917332,
    "ts_time": 72.29171586036682,
    "ts_emissions": 0.00029312981937625754,
    "accuracy": 0.756889435138725,
    "precision": 0.879184089438391,
    "recall": 0.6349091769972453,
    "f1_score": 0.7368780215205366
  }
}