{
  "ESN": {
    "tr_loss": 0.46746835372075113,
    "ts_loss": 19.690772430514503,
    "tr_time": 0.38615894317626953,
    "tr_emissions": 4.02482253112793e-07,
    "ts_time": 1.2324810028076172,
    "ts_emissions": 1.283735260720253e-06,
    "accuracy": 0.7009303669815033,
    "precision": 0.7956508445943608,
    "recall": 0.5947368572084482,
    "f1_score": 0.6805963200832541
  },
  "LSTM": {
    "tr_loss": 0.2199424662263584,
    "ts_loss": 19.673257472280866,
    "tr_time": 15.572957992553711,
    "tr_emissions": 1.1311943688057871e-07,
    "ts_time": 1.1062180995941162,
    "ts_emissions": 8.036596991304246e-09,
    "accuracy": 0.716183420036403,
    "precision": 0.8594815113533912,
    "recall": 0.5635458275941231,
    "f1_score": 0.6803738233162643
  }
}