{"ESN": {"tr_loss": 0.3446308310890963, "ts_loss": 19.720238630858095, "tr_time": 0.39336705207824707, "tr_emissions": 4.099446728467941e-07, "ts_time": 1.3108277320861816, "ts_emissions": 1.365405711504221e-06, "accuracy": 0.7218314947363242, "precision": 0.8241692346118987, "recall": 0.6114574724517907, "f1_score": 0.7019661199814492}, "LSTM": {"tr_loss": 0.2199424662263584, "ts_loss": 19.673257472280866, "tr_time": 17.522077083587646, "tr_emissions": 1.8246242519073486e-05, "ts_time": 1.1774330139160156, "ts_emissions": 1.2267819368076325e-06, "accuracy": 0.716183420036403, "precision": 0.8594815113533912, "recall": 0.5635458275941231, "f1_score": 0.6803738233162643}}