{
  "ESN": {
    "tr_loss": 0.3405292364673566,
    "ts_loss": 77.10548791391531,
    "tr_time": 0.35547709465026855,
    "tr_emissions": 2.5832716150190477e-09,
    "ts_time": 1.21592378616333,
    "ts_emissions": 8.83337132625272e-09,
    "accuracy": 0.7679926548356947,
    "precision": 0.8388832529918108,
    "recall": 0.701955061983471,
    "f1_score": 0.7642692371795053
  },
  "LSTM": {
    "tr_loss": 0.21745744984518864,
    "ts_loss": 76.43561058588908,
    "tr_time": 48.89715099334717,
    "tr_emissions": 3.551744672022433e-07,
    "ts_time": 1.847055196762085,
    "ts_emissions": 1.3417726496337569e-08,
    "accuracy": 0.7474108987603305,
    "precision": 0.8857904195211949,
    "recall": 0.6075322830578512,
    "f1_score": 0.7204850012793991
  }
}