{
  "ESN": {
    "tr_loss": 8.613183054473504e-05,
    "ts_loss": 6.284674552560969e-05,
    "tr_time": 0.21272015571594238,
    "tr_emissions": 2.2215718973636626e-07,
    "ts_time": 1.0670428276062012,
    "ts_emissions": 1.1117177919280529e-06,
    "accuracy": 0.8274085467089729,
    "precision": 0.9380765146654256,
    "recall": 0.7259011994949495,
    "f1_score": 0.8183838948668427
  },
  "LSTM": {
    "tr_loss": 4.913410533573938e-06,
    "ts_loss": 1.8820145446000576e-05,
    "tr_time": 26.96286392211914,
    "tr_emissions": 2.8077061653063296e-05,
    "ts_time": 1.4588470458984375,
    "ts_emissions": 1.5195567161607744e-06,
    "accuracy": 0.8209421733569461,
    "precision": 0.9399419473078886,
    "recall": 0.7113383838383839,
    "f1_score": 0.8097797836551938
  }
}