{"ESN": {"tr_loss": 2.2326382733555545e-05, "ts_loss": 2.957168141496e-05, "tr_time": 0.1318819522857666, "tr_emissions": 1.377695041787624e-07, "ts_time": 0.955535888671875, "ts_emissions": 9.952209101271628e-07, "accuracy": 0.846562546118654, "precision": 0.8939708646901653, "recall": 0.8097837752525252, "f1_score": 0.8497585506777909}, "LSTM": {"tr_loss": 4.913410533573938e-06, "ts_loss": 1.8820145446000576e-05, "tr_time": 26.818516969680786, "tr_emissions": 2.7926646146553753e-05, "ts_time": 1.4795160293579102, "ts_emissions": 1.5414103553402425e-06, "accuracy": 0.822956251844746, "precision": 0.9388806775853442, "recall": 0.7162837178604224, "f1_score": 0.8125750823776067}}