{"ESN": {"tr_loss": 0.3446308310890963, "ts_loss": 19.720238630858095, "tr_time": 0.3794240951538086, "tr_emissions": 3.9550350622415544e-07, "ts_time": 1.2226901054382324, "ts_emissions": 1.2734475641262531e-06, "accuracy": 0.7218314947363242, "precision": 0.8241692346118987, "recall": 0.6114574724517907, "f1_score": 0.7019661199814492}, "LSTM": {"tr_loss": 0.21745744984518864, "ts_loss": 19.333336451525074, "tr_time": 57.45910120010376, "tr_emissions": 5.983330469053744e-05, "ts_time": 2.368044137954712, "ts_emissions": 2.4664633584344384e-06, "accuracy": 0.688763727986029, "precision": 0.8193964327774488, "recall": 0.538730343204775, "f1_score": 0.6497336421793801}}