{
  "ESN": {
    "tr_loss": 3.931363841257606e-05,
    "ts_loss": 3.5676077326441306e-05,
    "tr_time": 3.162647008895874,
    "tr_emissions": 1.2831885034862322e-05,
    "ts_time": 6.66446852684021,
    "ts_emissions": 2.7028976505997018e-05,
    "accuracy": 0.8389610389610389,
    "precision": 0.9097199622353507,
    "recall": 0.7772994146005509,
    "f1_score": 0.8381069344934141
  },
  "LSTM": {
    "tr_loss": 4.389010091486225e-06,
    "ts_loss": 1.718291774800296e-05,
    "tr_time": 1114.3712244033813,
    "tr_emissions": 0.004518483098312475,
    "ts_time": 16.146580934524536,
    "ts_emissions": 6.547646219629965e-05,
    "accuracy": 0.8197818280204644,
    "precision": 0.9359189033121352,
    "recall": 0.7124776170798897,
    "f1_score": 0.8090274801593693
  }
}