{"mean": 95.5882799590215, "std": 257.6608941994184, "max": 8.132487211856297, "min": -0.37486200718197354}