{"max": 2191.01220703125, "min": -0.9990000128746032}