{"mean": 95.58827995902146, "std": 257.6608941994183, "max": 8.1324872118563, "min": -0.37486200718197354}