{"mean": [0.9624801934088956, 0.9685506610071121, 0.9483886502271308, 70.14651376438745, 77.07790217936439, 91.4936570768349, 2.444269809413486, 2.4989870698829972, 2.473806022290419, 1516.251290976046, 5.060060364805122, 5.460280840862622, 9.489343780877595, 0.3380572356654083, 4.692220696697724, 4.71586651437822, 4.785520421606661, 4.5787429930605885, 0.0, 1516.251582151978, 527.8233681387628, 511.4125443738011, 481.884631952499, 61.84635818461645, 80.12522014068139, 59.209289794268805, 201.39563043679198, 0.6008524372900065, 0.6203618621327113, 0.5938989332170415, 0.5884615743861479, 50.01345659889849, 1.9621727753100284, 2.2559972849173486, 3.4491518854511876, 17.469589617090087, 18.158924546709667, 20.817830454374825, 1.8622101988790547, 2.2154054570347954, 4.323209384697187, 10.420032211939732, 8.238441180593144, 10.857176420576655, 1.1281682086950973, 1.2163157958129154, 2.291726358093785, 1.809280725029635, 1.4834410074887774, 2.659456951044841, 99.98609646734408, 99.97798607329479, 99.95597214658957, 4.754638106985478, 5.302861906109581, 9.076070864822903, 12.994433144514373, 3.8844224788672133, 10.105784682813134, 3.929226158917552, 4.0919781169493925, 6.588591562738714, 47.883723705203494, 57.852122992376934, 63.25119623343182, 3.4120951493632643, 3.9994458204809513, 6.382070691930628, 37.08650001011595, 41.24653104335271, 43.9419690760667, 2.317660847595024, 2.507372000655614, 4.411495317381939, 6.552247499461311, 2.063736689270767, 5.336766492806886, 1.8645994362457774, 0.6489330219041826, 0.6286333006541537, 0.5871247940757613, 403.5186935789174, 402.7980317583168, 402.4778105614201, 402.98800069930087, 232.5669690505516, 233.04644927909567, 232.3802693400849], "std": [0.0417126261635262, 0.03812055047940122, 0.08668854740160617, 10.859361077655542, 17.33665150523609, 12.661650630074037, 0.41893671547808664, 0.45035732375484183, 0.4253214539529577, 377.9404486724516, 4.7595118524756685, 6.724395108949929, 12.593931881904382, 0.03206432849455692, 1.8757934892507524, 1.821461911444442, 1.898207818920285, 1.9097581955326466, 0.0, 377.94097378260403, 131.51784435661108, 127.33907102038296, 121.90843456346676, 15.026124386435647, 19.669590126481133, 15.918412516703853, 50.716113504203456, 0.08853391879229887, 0.08325873275913852, 0.08548764405019288, 0.0994195991173176, 0.021860407320110894, 2.7487774819646242, 4.903643306992828, 5.326925805162566, 3.3796331739234344, 6.234670354140583, 5.824910336276922, 1.4998329916729327, 4.895263332038716, 6.958295955938756, 3.5103152278213376, 5.368267196750326, 4.313498004584519, 1.0774240588740371, 4.598551642219541, 4.32161798379976, 1.7650146593943408, 4.702696037773932, 4.716184869766531, 1.1790504473396881, 1.483545771977411, 2.097819555911838, 3.9952514120072737, 6.11536236302172, 12.384271043453532, 8.829711750493603, 5.204416113748341, 14.329459848293064, 3.4638862763111837, 5.337455561084079, 8.940506882625197, 16.06873078136119, 17.532511616058642, 13.889202384258043, 3.263635329954867, 5.336240601704307, 8.32751508371447, 11.793325269123784, 14.731636053380782, 15.2884238925887, 2.7795012763431663, 4.9179217968687325, 6.149563901628794, 6.191905097297974, 4.767078010889791, 8.668010180219824, 0.721365179471792, 0.2393969089756789, 0.24125303499144032, 0.24128350774191282, 2.6172460656506598, 2.619443044013701, 2.7046854493383865, 2.6209761993375795, 1.6692106066552501, 1.5044198195168677, 1.5583498584990423]}